outside box penalty,loss,epoch,step
1.0,1.2204099893569946,4,4
1.0,0.5994506478309631,9,9
1.0,-0.865642786026001,14,14
1.0,-1.1869853734970093,19,19
