loss,step,outside box penalty,epoch
1.2619972229003906,4,1.0,4
0.7906090617179871,9,1.0,9
-0.31809958815574646,14,1.0,14
