outside box penalty,loss,epoch,step
1.0,1.1540497541427612,4,4
1.0,0.3356769382953644,9,9
1.0,-1.361640453338623,14,14
1.0,-2.13739275932312,19,19
