loss,step,outside box penalty,epoch
1.3494865894317627,4,1.0,4
1.1089050769805908,9,1.0,9
