outside box penalty,loss,epoch,step
1.0,1.267938494682312,4,4
1.0,0.8348825573921204,9,9
1.0,-0.3434261977672577,14,14
