loss,step,outside box penalty,epoch
1.3814282417297363,4,1.0000003576278687,4
1.391737937927246,9,1.0,9
1.3728030920028687,14,1.0,14
1.3709194660186768,19,1.0,19
